Rating	p	r	f
1	0.662	0.634	0.647
2	0.637	0.651	0.644
3	0.615	0.649	0.631
4	0.622	0.641	0.631
5	0.6	0.628	0.614
6	0.605	0.615	0.61
7	0.606	0.616	0.611
8	0.631	0.652	0.641
9	0.677	0.666	0.672
10	0.735	0.727	0.731
11	0.6712761782539153	0.6704387717144664	0.6706933749953502
