Rating	p	r	f
1	0.692	0.629	0.659
2	0.674	0.569	0.617
3	0.674	0.572	0.619
4	0.682	0.565	0.618
5	0.662	0.551	0.601
6	0.652	0.541	0.592
7	0.63	0.53	0.575
8	0.65	0.554	0.599
9	0.664	0.573	0.615
10	0.617	0.803	0.698
11	0.6501947327307219	0.645914220883086	0.6418410519659264
